country,region,source,data_type,estimate_type,date,median_R_mean,median_R_highHPD,median_R_lowHPD,variable
Switzerland,LA,ETH,infection_norm_mean_gene,Cori_slidingWindow,2021-07-08,3.613508366327311,4.697063926454417,2.655647032082624,norm_mean_gene
Switzerland,LA,ETH,infection_norm_mean_gene,Cori_slidingWindow,2021-07-09,3.247058661946237,4.2053207886656905,2.288796535226784,norm_mean_gene
Switzerland,LA,ETH,infection_norm_mean_gene,Cori_slidingWindow,2021-07-10,2.949569075398613,3.8520547574959334,2.0470833933012926,norm_mean_gene
Switzerland,LA,ETH,infection_norm_mean_gene,Cori_slidingWindow,2021-07-11,2.702994680602854,3.555417312904581,1.8505720483011268,norm_mean_gene
Switzerland,LA,ETH,infection_norm_mean_gene,Cori_slidingWindow,2021-07-12,2.502414701811089,3.33356863955808,1.6712607640640984,norm_mean_gene
Switzerland,LA,ETH,infection_norm_mean_gene,Cori_slidingWindow,2021-07-13,2.3617643469149683,3.187460903915995,1.5360677899139414,norm_mean_gene
Switzerland,LA,ETH,infection_norm_mean_gene,Cori_slidingWindow,2021-07-14,2.290624545069916,3.0886888891664466,1.4925602009733858,norm_mean_gene
Switzerland,LA,ETH,infection_norm_mean_gene,Cori_slidingWindow,2021-07-15,2.280498115655385,3.026114040940656,1.5348821903701138,norm_mean_gene
Switzerland,LA,ETH,infection_norm_mean_gene,Cori_slidingWindow,2021-07-16,2.302027125029653,3.009325307041737,1.5947289430175693,norm_mean_gene
Switzerland,LA,ETH,infection_norm_mean_gene,Cori_slidingWindow,2021-07-17,2.3275464995934576,3.0314842840570644,1.6236087151298508,norm_mean_gene
Switzerland,LA,ETH,infection_norm_mean_gene,Cori_slidingWindow,2021-07-18,2.3522407665582303,3.0648289878031614,1.639652545313299,norm_mean_gene
Switzerland,LA,ETH,infection_norm_mean_gene,Cori_slidingWindow,2021-07-19,2.3853722687297703,3.1042255530718625,1.666518984387678,norm_mean_gene
Switzerland,LA,ETH,infection_norm_mean_gene,Cori_slidingWindow,2021-07-20,2.441309235639695,3.1794782266762462,1.7031402446031432,norm_mean_gene
Switzerland,LA,ETH,infection_norm_mean_gene,Cori_slidingWindow,2021-07-21,2.5378790448297455,3.3022007473467165,1.7735573423127744,norm_mean_gene
Switzerland,LA,ETH,infection_norm_mean_gene,Cori_slidingWindow,2021-07-22,2.681984636781254,3.4455940897934845,1.918375183769023,norm_mean_gene
Switzerland,LA,ETH,infection_norm_mean_gene,Cori_slidingWindow,2021-07-23,2.8573276592787837,3.589682027471432,2.1249732910861354,norm_mean_gene
Switzerland,LA,ETH,infection_norm_mean_gene,Cori_slidingWindow,2021-07-24,3.024891529738361,3.7368411874735807,2.312941872003141,norm_mean_gene
Switzerland,LA,ETH,infection_norm_mean_gene,Cori_slidingWindow,2021-07-25,3.1195697306103147,3.8358474706272374,2.403291990593392,norm_mean_gene
Switzerland,LA,ETH,infection_norm_mean_gene,Cori_slidingWindow,2021-07-26,3.0949149611964235,3.800611099290901,2.389218823101946,norm_mean_gene
Switzerland,LA,ETH,infection_norm_mean_gene,Cori_slidingWindow,2021-07-27,2.955332231487529,3.6131883073430755,2.2974761556319825,norm_mean_gene
Switzerland,LA,ETH,infection_norm_mean_gene,Cori_slidingWindow,2021-07-28,2.7527296813271764,3.3495162898378283,2.1559430728165245,norm_mean_gene
Switzerland,LA,ETH,infection_norm_mean_gene,Cori_slidingWindow,2021-07-29,2.528520017843325,3.0774615405716252,1.9795784951150246,norm_mean_gene
Switzerland,LA,ETH,infection_norm_mean_gene,Cori_slidingWindow,2021-07-30,2.2896769410185676,2.7974114404311776,1.7819424416059575,norm_mean_gene
Switzerland,LA,ETH,infection_norm_mean_gene,Cori_slidingWindow,2021-07-31,2.033045547639891,2.4919605236901186,1.5741305715896639,norm_mean_gene
Switzerland,LA,ETH,infection_norm_mean_gene,Cori_slidingWindow,2021-08-01,1.7603329128536869,2.1656827954095355,1.3549830302978383,norm_mean_gene
Switzerland,LA,ETH,infection_norm_mean_gene,Cori_slidingWindow,2021-08-02,1.4924708261256172,1.8557914368142092,1.1291502154370252,norm_mean_gene
Switzerland,LA,ETH,infection_norm_mean_gene,Cori_slidingWindow,2021-08-03,1.2512244785967745,1.5874251290939598,0.9150238280995893,norm_mean_gene
Switzerland,LA,ETH,infection_norm_mean_gene,Cori_slidingWindow,2021-08-04,1.0488191743894493,1.3637809458927905,0.733857402886108,norm_mean_gene
Switzerland,LA,ETH,infection_norm_mean_gene,Cori_slidingWindow,2021-08-05,0.8813392049593268,1.1729621484802744,0.5897162614383793,norm_mean_gene
Switzerland,LA,ETH,infection_norm_mean_gene,Cori_slidingWindow,2021-08-06,0.7386395918828561,1.0083959709805301,0.46888321278518214,norm_mean_gene
Switzerland,LA,ETH,infection_norm_mean_gene,Cori_slidingWindow,2021-08-07,0.6183294295074636,0.8733027079593565,0.36335615105557073,norm_mean_gene
Switzerland,LA,ETH,infection_norm_mean_gene,Cori_slidingWindow,2021-08-08,0.5220748941752296,0.7690863109388133,0.27506347741164583,norm_mean_gene
Switzerland,LA,ETH,infection_norm_mean_gene,Cori_slidingWindow,2021-08-09,0.45227752283325195,0.6917533086178921,0.21280173704861183,norm_mean_gene
Switzerland,LA,ETH,infection_norm_mean_gene,Cori_slidingWindow,2021-08-10,0.40873589301854774,0.6387260636752006,0.1787457223618949,norm_mean_gene
Switzerland,LA,ETH,infection_norm_mean_gene,Cori_slidingWindow,2021-08-11,0.3898903896491988,0.6107607602363185,0.16902001906207909,norm_mean_gene
Switzerland,LA,ETH,infection_norm_mean_gene,Cori_slidingWindow,2021-08-12,0.39263382961403176,0.6069716508969535,0.17829600833111003,norm_mean_gene
Switzerland,LA,ETH,infection_norm_mean_gene,Cori_slidingWindow,2021-08-13,0.4131788094618724,0.6233860015959335,0.2029716173278113,norm_mean_gene
Switzerland,LA,ETH,infection_norm_mean_gene,Cori_slidingWindow,2021-08-14,0.44639092268560765,0.655287238337278,0.23749460703393735,norm_mean_gene
Switzerland,LA,ETH,infection_norm_mean_gene,Cori_slidingWindow,2021-08-15,0.4853152675955966,0.6965663581547679,0.2740641770364254,norm_mean_gene
Switzerland,LA,ETH,infection_norm_mean_gene,Cori_slidingWindow,2021-08-16,0.52417735394026,0.7402957014606409,0.30805900641987904,norm_mean_gene
Switzerland,LA,ETH,infection_norm_mean_gene,Cori_slidingWindow,2021-08-17,0.5622905228303023,0.7833449553370851,0.34123609032351954,norm_mean_gene
Switzerland,LA,ETH,infection_norm_mean_gene,Cori_slidingWindow,2021-08-18,0.6011701100982203,0.8274708488289935,0.37486937136744714,norm_mean_gene
Switzerland,LA,ETH,infection_norm_mean_gene,Cori_slidingWindow,2021-08-19,0.6389350835786052,0.871052588448676,0.4068175787085344,norm_mean_gene
Switzerland,LA,ETH,infection_norm_mean_gene,Cori_slidingWindow,2021-08-20,0.6706523828214332,0.9079921717033443,0.43331259393952215,norm_mean_gene
Switzerland,LA,ETH,infection_norm_mean_gene,Cori_slidingWindow,2021-08-21,0.6951354823165552,0.9384892552672105,0.4517817093658999,norm_mean_gene
Switzerland,LA,ETH,infection_norm_mean_gene,Cori_slidingWindow,2021-08-22,0.7177783613074974,0.9702656526699941,0.4652910699450007,norm_mean_gene
Switzerland,LA,ETH,infection_norm_mean_gene,Cori_slidingWindow,2021-08-23,0.744038598454631,1.006730453760025,0.48134674314923703,norm_mean_gene
Switzerland,LA,ETH,infection_norm_mean_gene,Cori_slidingWindow,2021-08-24,0.7744058200924866,1.0457441233752451,0.5030675168097279,norm_mean_gene
Switzerland,LA,ETH,infection_norm_mean_gene,Cori_slidingWindow,2021-08-25,0.8065097759162696,1.0872358320499458,0.5257837197825934,norm_mean_gene
Switzerland,LA,ETH,infection_norm_mean_gene,Cori_slidingWindow,2021-08-26,0.8425268529074419,1.1338515207233033,0.5512021850915805,norm_mean_gene
Switzerland,LA,ETH,infection_norm_mean_gene,Cori_slidingWindow,2021-08-27,0.8879286300995359,1.187298372887215,0.5885588873118567,norm_mean_gene
Switzerland,LA,ETH,infection_norm_mean_gene,Cori_slidingWindow,2021-08-28,0.9494594756347055,1.2531040928697466,0.6458148583996645,norm_mean_gene
Switzerland,LA,ETH,infection_norm_mean_gene,Cori_slidingWindow,2021-08-29,1.0226136427375807,1.3309526598524275,0.7142746256227339,norm_mean_gene
Switzerland,LA,ETH,infection_norm_mean_gene,Cori_slidingWindow,2021-08-30,1.091388306230604,1.4046630601975139,0.778113552263694,norm_mean_gene
Switzerland,LA,ETH,infection_norm_mean_gene,Cori_slidingWindow,2021-08-31,1.137447526068308,1.4509475449910791,0.8239475071455368,norm_mean_gene
Switzerland,LA,ETH,infection_norm_mean_gene,Cori_slidingWindow,2021-09-01,1.1519338664769796,1.4595371869610938,0.8443305459928654,norm_mean_gene
Switzerland,LA,ETH,infection_norm_mean_gene,Cori_slidingWindow,2021-09-02,1.1378756725033403,1.4390286135414674,0.8367227314652133,norm_mean_gene
Switzerland,LA,ETH,infection_norm_mean_gene,Cori_slidingWindow,2021-09-03,1.098729121968532,1.3949612927411477,0.8024969511959164,norm_mean_gene
Switzerland,LA,ETH,infection_norm_mean_gene,Cori_slidingWindow,2021-09-04,1.0370146214175238,1.3256281840163426,0.7484010588187049,norm_mean_gene
Switzerland,LA,ETH,infection_norm_mean_gene,Cori_slidingWindow,2021-09-05,0.9528198187924246,1.2266259577080898,0.6790136798767594,norm_mean_gene
Switzerland,LA,ETH,infection_norm_mean_gene,Cori_slidingWindow,2021-09-06,0.8524820962411812,1.1084483376594516,0.5965158548229108,norm_mean_gene
Switzerland,LA,ETH,infection_norm_mean_gene,Cori_slidingWindow,2021-09-07,0.7490440197940123,0.9904820940216469,0.5076059455663776,norm_mean_gene
Switzerland,LA,ETH,infection_norm_mean_gene,Cori_slidingWindow,2021-09-08,0.6554997936583827,0.8875808134858398,0.42341877383092563,norm_mean_gene
Switzerland,LA,ETH,infection_norm_mean_gene,Cori_slidingWindow,2021-09-09,0.577934897910832,0.8028567496395247,0.3530130461821392,norm_mean_gene
Switzerland,LA,ETH,infection_norm_mean_gene,Cori_slidingWindow,2021-09-10,0.516874786847958,0.7370421029422307,0.2967074707536852,norm_mean_gene
Switzerland,LA,ETH,infection_norm_mean_gene,Cori_slidingWindow,2021-09-11,0.47483359409292886,0.6951955716651763,0.2544716165206814,norm_mean_gene
Switzerland,LA,ETH,infection_norm_mean_gene,Cori_slidingWindow,2021-09-12,0.45505319688289475,0.680079152155643,0.23002724161014654,norm_mean_gene
Switzerland,LA,ETH,infection_norm_mean_gene,Cori_slidingWindow,2021-09-13,0.46051141416012314,0.6907339288999716,0.23028889942027458,norm_mean_gene
Switzerland,LA,ETH,infection_norm_mean_gene,Cori_slidingWindow,2021-09-14,0.4897446148851681,0.7243065289214964,0.25518270084883976,norm_mean_gene
Switzerland,LA,ETH,infection_norm_mean_gene,Cori_slidingWindow,2021-09-15,0.5371335162000089,0.7754519513307736,0.2988150810692443,norm_mean_gene
Switzerland,LA,ETH,infection_norm_mean_gene,Cori_slidingWindow,2021-09-16,0.59521331690886,0.8356963066126666,0.3547303272050535,norm_mean_gene
Switzerland,LA,ETH,infection_norm_mean_gene,Cori_slidingWindow,2021-09-17,0.6589529829766575,0.8984967152283303,0.4194092507249847,norm_mean_gene
Switzerland,LA,ETH,infection_norm_mean_gene,Cori_slidingWindow,2021-09-18,0.7201124743395567,0.9579327864095089,0.4822921622696046,norm_mean_gene
Switzerland,LA,ETH,infection_norm_mean_gene,Cori_slidingWindow,2021-09-19,0.7642391205029422,1.0021348569493704,0.5263433840565139,norm_mean_gene
Switzerland,LA,ETH,infection_norm_mean_gene,Cori_slidingWindow,2021-09-20,0.7804857690951368,1.0196649054643114,0.5413066327259621,norm_mean_gene
Switzerland,LA,ETH,infection_norm_mean_gene,Cori_slidingWindow,2021-09-21,0.7846625928982767,1.026219132049433,0.5431060537471204,norm_mean_gene
Switzerland,LA,ETH,infection_norm_mean_gene,Cori_slidingWindow,2021-09-22,0.8108794111848107,1.0584297769672921,0.5633290454023292,norm_mean_gene
Switzerland,LA,ETH,infection_norm_mean_gene,Cori_slidingWindow,2021-09-23,0.8840130694221191,1.1426002750585198,0.6254258637857185,norm_mean_gene
Switzerland,LA,ETH,infection_norm_mean_gene,Cori_slidingWindow,2021-09-24,1.0029458938637286,1.2800069173361468,0.7258848703913102,norm_mean_gene
Switzerland,LA,ETH,infection_norm_mean_gene,Cori_slidingWindow,2021-09-25,1.1509051418902727,1.4589381513940876,0.8428721323864579,norm_mean_gene
Switzerland,LA,ETH,infection_norm_mean_gene,Cori_slidingWindow,2021-09-26,1.320372962183095,1.6706744581721562,0.970071466194034,norm_mean_gene
Switzerland,LA,ETH,infection_norm_mean_gene,Cori_slidingWindow,2021-09-27,1.5122592218321165,1.9102192378992193,1.1142992057650136,norm_mean_gene
Switzerland,LA,ETH,infection_norm_mean_gene,Cori_slidingWindow,2021-09-28,1.7343033272997888,2.184632817446909,1.2839738371526686,norm_mean_gene
Switzerland,LA,ETH,infection_norm_mean_gene,Cori_slidingWindow,2021-09-29,1.959060774622588,2.4602832306374407,1.4578383186077355,norm_mean_gene
Switzerland,LA,ETH,infection_norm_mean_gene,Cori_slidingWindow,2021-09-30,2.127699848115133,2.656371888126966,1.5990278081033003,norm_mean_gene
Switzerland,LA,ETH,infection_norm_mean_gene,Cori_slidingWindow,2021-10-01,2.191146003463505,2.7081223426635472,1.6741696642634625,norm_mean_gene
Switzerland,LA,ETH,infection_norm_mean_gene,Cori_slidingWindow,2021-10-02,2.1458987356470782,2.627557905605862,1.664239565688294,norm_mean_gene
Switzerland,LA,ETH,infection_norm_mean_gene,Cori_slidingWindow,2021-10-03,2.0244259683030563,2.4776966497463486,1.5711552868597638,norm_mean_gene
Switzerland,LA,ETH,infection_norm_mean_gene,Cori_slidingWindow,2021-10-04,1.852330319196533,2.2863121470028283,1.4183484913902378,norm_mean_gene
Switzerland,LA,ETH,infection_norm_mean_gene,Cori_slidingWindow,2021-10-05,1.6460180491660859,2.0530261311326594,1.2390099671995123,norm_mean_gene
Switzerland,LA,ETH,infection_norm_mean_gene,Cori_slidingWindow,2021-10-06,1.4129447910722177,1.7829616775547947,1.0429279045896407,norm_mean_gene
Switzerland,LA,ETH,infection_norm_mean_gene,Cori_slidingWindow,2021-10-07,1.1704818629776614,1.5087282468758192,0.8322354790795037,norm_mean_gene
Switzerland,LA,ETH,infection_norm_mean_gene,Cori_slidingWindow,2021-10-08,0.9427582479389565,1.2608330628030782,0.6246834330748348,norm_mean_gene
Switzerland,LA,ETH,infection_norm_mean_gene,Cori_slidingWindow,2021-10-09,0.7486216780757162,1.05053356359249,0.44670979255894255,norm_mean_gene
Switzerland,LA,ETH,infection_norm_mean_gene,Cori_slidingWindow,2021-10-10,0.5924529019858087,0.870733026821969,0.3141727771496484,norm_mean_gene
Switzerland,LA,ETH,infection_norm_mean_gene,Cori_slidingWindow,2021-10-11,0.46827740106882626,0.716265169371912,0.2202896327657405,norm_mean_gene
Switzerland,LA,ETH,infection_norm_mean_gene,Cori_slidingWindow,2021-10-12,0.3725426800238867,0.5915201026276764,0.153565257420097,norm_mean_gene
Switzerland,LA,ETH,infection_norm_mean_gene,Cori_slidingWindow,2021-10-13,0.30227360469100695,0.49965598462142813,0.1048912247605858,norm_mean_gene
Switzerland,LA,ETH,infection_norm_mean_gene,Cori_slidingWindow,2021-10-14,0.25404775081692643,0.4353508200562733,0.07274468157757957,norm_mean_gene
Switzerland,LA,ETH,infection_norm_mean_gene,Cori_slidingWindow,2021-10-15,0.22292815949200684,0.390677037336484,0.055179281647529665,norm_mean_gene
Switzerland,LA,ETH,infection_norm_mean_gene,Cori_slidingWindow,2021-10-16,0.20426608958901607,0.3623305167601961,0.04620166241783602,norm_mean_gene
Switzerland,LA,ETH,infection_norm_mean_gene,Cori_slidingWindow,2021-10-17,0.19479317604928886,0.3488768973512817,0.04070945474729601,norm_mean_gene
Switzerland,LA,ETH,infection_norm_mean_gene,Cori_slidingWindow,2021-10-18,0.19476130414100487,0.3484630400942287,0.04105956818778106,norm_mean_gene
Switzerland,LA,ETH,infection_norm_mean_gene,Cori_slidingWindow,2021-10-19,0.20584870696068697,0.35992779296667055,0.051769620954703416,norm_mean_gene
Switzerland,LA,ETH,infection_norm_mean_gene,Cori_slidingWindow,2021-10-20,0.22696131032622693,0.3818626600717099,0.07205996058074401,norm_mean_gene
Switzerland,LA,ETH,infection_norm_mean_gene,Cori_slidingWindow,2021-10-21,0.25441908809815456,0.41144999894408435,0.09738817725222476,norm_mean_gene
Switzerland,LA,ETH,infection_norm_mean_gene,Cori_slidingWindow,2021-10-22,0.28436929682557105,0.4458143455731254,0.12292424807801669,norm_mean_gene
Switzerland,LA,ETH,infection_norm_mean_gene,Cori_slidingWindow,2021-10-23,0.31514628191436256,0.48401300326208274,0.14627956056664237,norm_mean_gene
Switzerland,LA,ETH,infection_norm_mean_gene,Cori_slidingWindow,2021-10-24,0.3451151964718329,0.5232739298547808,0.16695646308888498,norm_mean_gene
Switzerland,LA,ETH,infection_norm_mean_gene,Cori_slidingWindow,2021-10-25,0.37261476273013017,0.5583432095302222,0.18688631593003813,norm_mean_gene
Switzerland,LA,ETH,infection_norm_mean_gene,Cori_slidingWindow,2021-10-26,0.39666278619635204,0.5873639698966951,0.20596160249600892,norm_mean_gene
Switzerland,LA,ETH,infection_norm_mean_gene,Cori_slidingWindow,2021-10-27,0.4185402697031415,0.6167316116689644,0.22348679087163867,norm_mean_gene
Switzerland,LA,ETH,infection_norm_mean_gene,Cori_slidingWindow,2021-10-28,0.4411170439227818,0.6534533516850931,0.24064598069969292,norm_mean_gene
Switzerland,LA,ETH,infection_norm_mean_gene,Cori_slidingWindow,2021-10-29,0.46791157975647546,0.6956298576620221,0.2602092029533623,norm_mean_gene
Switzerland,LA,ETH,infection_norm_mean_gene,Cori_slidingWindow,2021-10-30,0.5049862314013513,0.750645125567138,0.28586558180828286,norm_mean_gene
Switzerland,LA,ETH,infection_norm_mean_gene,Cori_slidingWindow,2021-10-31,0.5612968929646774,0.8293074669392738,0.32542203763474264,norm_mean_gene
Switzerland,LA,ETH,infection_norm_mean_gene,Cori_slidingWindow,2021-11-01,0.6452909363612875,0.9414387914217901,0.38989396249817093,norm_mean_gene
Switzerland,LA,ETH,infection_norm_mean_gene,Cori_slidingWindow,2021-11-02,0.7602862687466773,1.0900690791888825,0.4847288465812859,norm_mean_gene
Switzerland,LA,ETH,infection_norm_mean_gene,Cori_slidingWindow,2021-11-03,0.8947927115813972,1.2601047700258707,0.5913310795126023,norm_mean_gene
Switzerland,LA,ETH,infection_norm_mean_gene,Cori_slidingWindow,2021-11-04,1.0262642284275545,1.4236714580369163,0.6931754068505167,norm_mean_gene
Switzerland,LA,ETH,infection_norm_mean_gene,Cori_slidingWindow,2021-11-05,1.1329430558440081,1.5546295821731824,0.7772257958173935,norm_mean_gene
Switzerland,LA,ETH,infection_norm_mean_gene,Cori_slidingWindow,2021-11-06,1.209383306406995,1.6467019720316787,0.8387978211166308,norm_mean_gene
Switzerland,LA,ETH,infection_norm_mean_gene,Cori_slidingWindow,2021-11-07,1.2597396777389165,1.705258584654258,0.8809126031726826,norm_mean_gene
Switzerland,LA,ETH,infection_norm_mean_gene,Cori_slidingWindow,2021-11-08,1.2812374098859418,1.7278118524185895,0.9006754767350591,norm_mean_gene
Switzerland,LA,ETH,infection_norm_mean_gene,Cori_slidingWindow,2021-11-09,1.266723725197496,1.7068722714269875,0.891463119441584,norm_mean_gene
Switzerland,LA,ETH,infection_norm_mean_gene,Cori_slidingWindow,2021-11-10,1.2099332036986772,1.6359300916435062,0.8474597010187047,norm_mean_gene
Switzerland,LA,ETH,infection_norm_mean_gene,Cori_slidingWindow,2021-11-11,1.1197437005215638,1.5258778716478318,0.7757464117528091,norm_mean_gene
Switzerland,LA,ETH,infection_norm_mean_gene,Cori_slidingWindow,2021-11-12,1.0139527745343955,1.3978421986689886,0.6910057776006155,norm_mean_gene
Switzerland,LA,ETH,infection_norm_mean_gene,Cori_slidingWindow,2021-11-13,0.9098476202801454,1.2723446761322796,0.603316467362804,norm_mean_gene
Switzerland,LA,ETH,infection_norm_mean_gene,Cori_slidingWindow,2021-11-14,0.8149221298465146,1.1584135879625834,0.5119449561338105,norm_mean_gene
Switzerland,LA,ETH,infection_norm_mean_gene,Cori_slidingWindow,2021-11-15,0.7336627643954883,1.0615155474739912,0.432375856469105,norm_mean_gene
Switzerland,LA,ETH,infection_norm_mean_gene,Cori_slidingWindow,2021-11-16,0.6768721603980483,0.9949069793551378,0.3727819997350688,norm_mean_gene
Switzerland,LA,ETH,infection_norm_mean_gene,Cori_slidingWindow,2021-11-17,0.6558742428554029,0.9728312421111351,0.34666059046842546,norm_mean_gene
Switzerland,LA,ETH,infection_norm_mean_gene,Cori_slidingWindow,2021-11-18,0.6771856547166256,1.003545128876629,0.36149239835158664,norm_mean_gene
Switzerland,LA,ETH,infection_norm_mean_gene,Cori_slidingWindow,2021-11-19,0.7364538039562004,1.0813150982309583,0.40980892184458123,norm_mean_gene
Switzerland,LA,ETH,infection_norm_mean_gene,Cori_slidingWindow,2021-11-20,0.8251014603599061,1.19464391935336,0.482395437576368,norm_mean_gene
Switzerland,LA,ETH,infection_norm_mean_gene,Cori_slidingWindow,2021-11-21,0.9345881206570361,1.3319451658416441,0.5683545977551648,norm_mean_gene
Switzerland,LA,ETH,infection_norm_mean_gene,Cori_slidingWindow,2021-11-22,1.0579018773684445,1.4836143196231701,0.6567443920907294,norm_mean_gene
Switzerland,LA,ETH,infection_norm_mean_gene,Cori_slidingWindow,2021-11-23,1.1894431307312936,1.6419672124390736,0.7484451022300347,norm_mean_gene
Switzerland,LA,ETH,infection_norm_mean_gene,Cori_slidingWindow,2021-11-24,1.3253878281305245,1.8037845291418502,0.8469911271191988,norm_mean_gene
Switzerland,LA,ETH,infection_norm_mean_gene,Cori_slidingWindow,2021-11-25,1.4703376016330891,1.9933231802789624,0.9473520229872159,norm_mean_gene
Switzerland,LA,ETH,infection_norm_mean_gene,Cori_slidingWindow,2021-11-26,1.6788843748730746,2.258002742433097,1.0997660073130522,norm_mean_gene
Switzerland,LA,ETH,infection_norm_mean_gene,Cori_slidingWindow,2021-11-27,2.020802594770813,2.6537756903291534,1.3878294992124722,norm_mean_gene
Switzerland,LA,ETH,infection_norm_mean_gene,Cori_slidingWindow,2021-11-28,2.5186063640726353,3.209215908395775,1.8279968197494956,norm_mean_gene
Switzerland,LA,ETH,infection_norm_mean_gene,Cori_slidingWindow,2021-11-29,3.0988672780589965,3.8814339022757833,2.3163006538422097,norm_mean_gene
Switzerland,LA,ETH,infection_norm_mean_gene,Cori_slidingWindow,2021-11-30,3.6050498470271215,4.486432196478113,2.723667497576131,norm_mean_gene
Switzerland,LA,ETH,infection_norm_mean_gene,Cori_slidingWindow,2021-12-01,3.913278169169206,4.8351806059999936,2.9913757323384176,norm_mean_gene
Switzerland,LA,ETH,infection_norm_mean_gene,Cori_slidingWindow,2021-12-02,4.000305857230057,4.906519406401918,3.094092308058196,norm_mean_gene
Switzerland,LA,ETH,infection_norm_mean_gene,Cori_slidingWindow,2021-12-03,3.9435001511840704,4.8533181629916475,3.0336821393764932,norm_mean_gene
Switzerland,LA,ETH,infection_norm_mean_gene,Cori_slidingWindow,2021-12-04,3.8258200802494207,4.765320936450332,2.886319224048509,norm_mean_gene
Switzerland,LA,ETH,infection_norm_mean_gene,Cori_slidingWindow,2021-12-05,3.6808800800161103,4.61183200455704,2.7499281554751804,norm_mean_gene
Switzerland,LA,ETH,infection_norm_mean_gene,Cori_slidingWindow,2021-12-06,3.5115464627209327,4.388134200355918,2.634958725085948,norm_mean_gene
Switzerland,LA,ETH,infection_norm_mean_gene,Cori_slidingWindow,2021-12-07,3.312045705456042,4.145210216863095,2.4788811940489888,norm_mean_gene
Switzerland,LA,ETH,infection_norm_mean_gene,Cori_slidingWindow,2021-12-08,3.081729871021702,3.8913777522898005,2.2720819897536035,norm_mean_gene
Switzerland,LA,ETH,infection_norm_mean_gene,Cori_slidingWindow,2021-12-09,2.8309295422763414,3.599944130063567,2.061914954489116,norm_mean_gene
Switzerland,LA,ETH,infection_norm_mean_gene,Cori_slidingWindow,2021-12-10,2.5817274619578234,3.299263354123241,1.864191569792406,norm_mean_gene
Switzerland,LA,ETH,infection_norm_mean_gene,Cori_slidingWindow,2021-12-11,2.360211191259972,3.066369250332479,1.654053132187465,norm_mean_gene
Switzerland,LA,ETH,infection_norm_mean_gene,Cori_slidingWindow,2021-12-12,2.19751810882161,2.9309683905358908,1.4640678271073295,norm_mean_gene
Switzerland,LA,ETH,infection_norm_mean_gene,Cori_slidingWindow,2021-12-13,2.111527729287021,2.8556234922876964,1.3674319662863457,norm_mean_gene
Switzerland,LA,ETH,infection_norm_mean_gene,Cori_slidingWindow,2021-12-14,2.0974323680204616,2.8146020491012247,1.3802626869396986,norm_mean_gene
Switzerland,LA,ETH,infection_norm_mean_gene,Cori_slidingWindow,2021-12-15,2.127239294905474,2.8085038188693665,1.4459747709415818,norm_mean_gene
Switzerland,LA,ETH,infection_norm_mean_gene,Cori_slidingWindow,2021-12-16,2.1641825977038285,2.8193419380294737,1.5090232573781832,norm_mean_gene
Switzerland,LA,ETH,infection_norm_mean_gene,Cori_slidingWindow,2021-12-17,2.1857682959470783,2.809694637372267,1.5618419545218898,norm_mean_gene
Switzerland,LA,ETH,infection_norm_mean_gene,Cori_slidingWindow,2021-12-18,2.1865869628002463,2.7703645047755945,1.602809420824898,norm_mean_gene
Switzerland,LA,ETH,infection_norm_mean_gene,Cori_slidingWindow,2021-12-19,2.1769968994287257,2.739811631559088,1.6141821672983632,norm_mean_gene
Switzerland,LA,ETH,infection_norm_mean_gene,Cori_slidingWindow,2021-12-20,2.1599246413968554,2.7312542764569003,1.5885950063368104,norm_mean_gene
Switzerland,LA,ETH,infection_norm_mean_gene,Cori_slidingWindow,2021-12-21,2.1284356604503367,2.7070513667245844,1.549819954176089,norm_mean_gene
Switzerland,LA,ETH,infection_norm_mean_gene,Cori_slidingWindow,2021-12-22,2.0778640733795584,2.651920483915272,1.5038076628438446,norm_mean_gene
Switzerland,LA,ETH,infection_norm_mean_gene,Cori_slidingWindow,2021-12-23,2.0213068426245213,2.5890418178492682,1.4535718673997746,norm_mean_gene
Switzerland,LA,ETH,infection_norm_mean_gene,Cori_slidingWindow,2021-12-24,1.977640032967755,2.5331800458301377,1.4221000201053726,norm_mean_gene
Switzerland,LA,ETH,infection_norm_mean_gene,Cori_slidingWindow,2021-12-25,1.9527662872349367,2.4870356539536815,1.418496920516192,norm_mean_gene
Switzerland,LA,ETH,infection_norm_mean_gene,Cori_slidingWindow,2021-12-26,1.9384128297722254,2.461949128407034,1.4148765311374167,norm_mean_gene
Switzerland,LA,ETH,infection_norm_mean_gene,Cori_slidingWindow,2021-12-27,1.9193274577397428,2.452444809897097,1.3862101055823888,norm_mean_gene
Switzerland,LA,ETH,infection_norm_mean_gene,Cori_slidingWindow,2021-12-28,1.887453692977366,2.426106308475977,1.3488010774787549,norm_mean_gene
Switzerland,LA,ETH,infection_norm_mean_gene,Cori_slidingWindow,2021-12-29,1.8438023817662748,2.366018114909893,1.3215866486226564,norm_mean_gene
Switzerland,LA,ETH,infection_norm_mean_gene,Cori_slidingWindow,2021-12-30,1.7982526319193672,2.2941924490161854,1.302312814822549,norm_mean_gene
Switzerland,LA,ETH,infection_norm_mean_gene,Cori_slidingWindow,2021-12-31,1.7564443492874562,2.233414918069837,1.2794737805050758,norm_mean_gene
Switzerland,LA,ETH,infection_norm_mean_gene,Cori_slidingWindow,2022-01-01,1.714765397710308,2.1755355302312687,1.253995265189347,norm_mean_gene
Switzerland,LA,ETH,infection_norm_mean_gene,Cori_slidingWindow,2022-01-02,1.6662079598427946,2.1040113845556196,1.2284045351299695,norm_mean_gene
Switzerland,LA,ETH,infection_norm_mean_gene,Cori_slidingWindow,2022-01-03,1.6058533012000957,2.018453155273379,1.1932534471268124,norm_mean_gene
Switzerland,LA,ETH,infection_norm_mean_gene,Cori_slidingWindow,2022-01-04,1.5326523168940815,1.9296465770797904,1.1356580567083727,norm_mean_gene
Switzerland,LA,ETH,infection_norm_mean_gene,Cori_slidingWindow,2022-01-05,1.4466672394729694,1.8342334049886488,1.05910107395729,norm_mean_gene
Switzerland,LA,ETH,infection_norm_mean_gene,Cori_slidingWindow,2022-01-06,1.350312638858503,1.7235784943032906,0.9770467834137153,norm_mean_gene
Switzerland,LA,ETH,infection_norm_mean_gene,Cori_slidingWindow,2022-01-07,1.2478282912314143,1.6005410818655306,0.8951155005972979,norm_mean_gene
Switzerland,LA,ETH,infection_norm_mean_gene,Cori_slidingWindow,2022-01-08,1.1446583880053969,1.4797691740113423,0.8095476019994515,norm_mean_gene
Switzerland,LA,ETH,infection_norm_mean_gene,Cori_slidingWindow,2022-01-09,1.04547319152614,1.3683077486558104,0.7226386343964695,norm_mean_gene
Switzerland,LA,ETH,infection_norm_mean_gene,Cori_slidingWindow,2022-01-10,0.9526796485583644,1.2626292512647093,0.6427300458520195,norm_mean_gene
Switzerland,LA,ETH,infection_norm_mean_gene,Cori_slidingWindow,2022-01-11,0.8656292129650126,1.1558005890947571,0.5754578368352681,norm_mean_gene
Switzerland,LA,ETH,infection_norm_mean_gene,Cori_slidingWindow,2022-01-12,0.7837790108521817,1.0508693099966882,0.5166887117076753,norm_mean_gene
Switzerland,LA,ETH,infection_norm_mean_gene,Cori_slidingWindow,2022-01-13,0.708352248226646,0.9562430566334935,0.4604614398197985,norm_mean_gene
Switzerland,LA,ETH,infection_norm_mean_gene,Cori_slidingWindow,2022-01-14,0.6405567817217895,0.8754536383576081,0.40565992508597093,norm_mean_gene
Switzerland,LA,ETH,infection_norm_mean_gene,Cori_slidingWindow,2022-01-15,0.5798163731286166,0.8033062970961153,0.3563264491611178,norm_mean_gene
Switzerland,LA,ETH,infection_norm_mean_gene,Cori_slidingWindow,2022-01-16,0.5253444437285834,0.7368507109853627,0.313838176471804,norm_mean_gene
Switzerland,LA,ETH,infection_norm_mean_gene,Cori_slidingWindow,2022-01-17,0.47837833164653226,0.6790796580172895,0.277677005275775,norm_mean_gene
Switzerland,LA,ETH,infection_norm_mean_gene,Cori_slidingWindow,2022-01-18,0.4408486250502177,0.6334174788555952,0.24827977124484024,norm_mean_gene
Switzerland,LA,ETH,infection_norm_mean_gene,Cori_slidingWindow,2022-01-19,0.41394131236003623,0.5991278013815475,0.22875482333852487,norm_mean_gene
Switzerland,LA,ETH,infection_norm_mean_gene,Cori_slidingWindow,2022-01-20,0.3974369818920995,0.5750095831488145,0.2198643806353845,norm_mean_gene
Switzerland,LA,ETH,infection_norm_mean_gene,Cori_slidingWindow,2022-01-21,0.39094530909071157,0.5626833286939117,0.21920728948751142,norm_mean_gene
Switzerland,LA,ETH,infection_norm_mean_gene,Cori_slidingWindow,2022-01-22,0.3940219614151259,0.5628513119925391,0.22519261083771266,norm_mean_gene
Switzerland,LA,ETH,infection_norm_mean_gene,Cori_slidingWindow,2022-01-23,0.40477911989066295,0.5727504799751024,0.23680775980622348,norm_mean_gene
Switzerland,LA,ETH,infection_norm_mean_gene,Cori_slidingWindow,2022-01-24,0.4200298151758349,0.5890749504128854,0.2509846799387843,norm_mean_gene
Switzerland,LA,ETH,infection_norm_mean_gene,Cori_slidingWindow,2022-01-25,0.43679499601327615,0.6085347874515242,0.26505520457502807,norm_mean_gene
Switzerland,LA,ETH,infection_norm_mean_gene,Cori_slidingWindow,2022-01-26,0.4549073439122752,0.6287961860892843,0.2810185017352661,norm_mean_gene
Switzerland,LA,ETH,infection_norm_mean_gene,Cori_slidingWindow,2022-01-27,0.47514011293692493,0.6502940088672773,0.2999862170065726,norm_mean_gene
Switzerland,LA,ETH,infection_norm_mean_gene,Cori_slidingWindow,2022-01-28,0.49504981947132654,0.6720692505623884,0.31803038838026465,norm_mean_gene
Switzerland,LA,ETH,infection_norm_mean_gene,Cori_slidingWindow,2022-01-29,0.509542438495063,0.6886765719225525,0.33040830506757346,norm_mean_gene
Switzerland,LA,ETH,infection_norm_mean_gene,Cori_slidingWindow,2022-01-30,0.5127387464775293,0.6909017255836325,0.334575767371426,norm_mean_gene
Switzerland,LA,ETH,infection_norm_mean_gene,Cori_slidingWindow,2022-01-31,0.5035695890277531,0.676936116096803,0.3302030619587031,norm_mean_gene
Switzerland,LA,ETH,infection_norm_mean_gene,Cori_slidingWindow,2022-02-01,0.4856238016354382,0.653287733982179,0.31795986928869746,norm_mean_gene
Switzerland,LA,ETH,infection_norm_mean_gene,Cori_slidingWindow,2022-02-02,0.4647550675678337,0.6286314209179624,0.30087871421770496,norm_mean_gene
Switzerland,LA,ETH,infection_norm_mean_gene,Cori_slidingWindow,2022-02-03,0.44471996265035807,0.6059977630938022,0.283442162206914,norm_mean_gene
Switzerland,LA,ETH,infection_norm_mean_gene,Cori_slidingWindow,2022-02-04,0.42664821590127056,0.5863232822263493,0.26697314957619184,norm_mean_gene
Switzerland,LA,ETH,infection_norm_mean_gene,Cori_slidingWindow,2022-02-05,0.41342234777402825,0.5748670830288158,0.2519776125192406,norm_mean_gene
Switzerland,LA,ETH,infection_norm_mean_gene,Cori_slidingWindow,2022-02-06,0.4092916883759335,0.5766530269036547,0.24193034984821232,norm_mean_gene
Switzerland,LA,ETH,infection_norm_mean_gene,Cori_slidingWindow,2022-02-07,0.4193233419146841,0.5935418376760424,0.24510484615332584,norm_mean_gene
Switzerland,LA,ETH,infection_norm_mean_gene,Cori_slidingWindow,2022-02-08,0.4440307832948299,0.6240622738461555,0.2639992927435043,norm_mean_gene
Switzerland,LA,ETH,infection_norm_mean_gene,Cori_slidingWindow,2022-02-09,0.4784125957795634,0.6637674385983817,0.2930577529607451,norm_mean_gene
Switzerland,LA,ETH,infection_norm_mean_gene,Cori_slidingWindow,2022-02-10,0.5148317253853163,0.7050657329155448,0.3245977178550879,norm_mean_gene
Switzerland,LA,ETH,infection_norm_mean_gene,Cori_slidingWindow,2022-02-11,0.548330156244639,0.7414043508270204,0.3552559616622576,norm_mean_gene
Switzerland,LA,ETH,infection_norm_mean_gene,Cori_slidingWindow,2022-02-12,0.5761974563526079,0.7692476421027168,0.38314727060249903,norm_mean_gene
Switzerland,LA,ETH,infection_norm_mean_gene,Cori_slidingWindow,2022-02-13,0.5933596516502462,0.7825303641206529,0.40418893917983945,norm_mean_gene
Switzerland,LA,ETH,infection_norm_mean_gene,Cori_slidingWindow,2022-02-14,0.595943082528346,0.7764835670202636,0.41540259803642854,norm_mean_gene
Switzerland,LA,ETH,infection_norm_mean_gene,Cori_slidingWindow,2022-02-15,0.5843198725197375,0.7542947577291493,0.41434498731032565,norm_mean_gene
Switzerland,LA,ETH,infection_norm_mean_gene,Cori_slidingWindow,2022-02-16,0.5624753152792066,0.726401470225515,0.3985491603328981,norm_mean_gene
Switzerland,LA,ETH,infection_norm_mean_gene,Cori_slidingWindow,2022-02-17,0.533028107373721,0.6996934591473187,0.3663627556001232,norm_mean_gene
Switzerland,LA,ETH,infection_norm_mean_gene,Cori_slidingWindow,2022-02-18,0.4976691857805921,0.6767534577016139,0.31858491385957033,norm_mean_gene
Switzerland,LA,ETH,infection_norm_mean_gene,Cori_slidingWindow,2022-02-19,0.4575653715097766,0.6579432957175297,0.2571874473020235,norm_mean_gene
Switzerland,LA,ETH,infection_norm_mean_gene,Cori_slidingWindow,2022-02-20,0.41339050180393533,0.6420560284821291,0.18472497512574165,norm_mean_gene
Switzerland,LA,ETH,infection_norm_mean_gene,Cori_slidingWindow,2022-02-21,0.3647694889661511,0.6260785233344822,0.10346045459781994,norm_mean_gene
Switzerland,LA,ETH,infection_norm_mean_gene,Cori_slidingWindow,2022-02-22,0.31128945984310985,0.6077613853308738,0.01481753435534594,norm_mean_gene
